Time,Component,Pid,Content,EventId
20171223-22:15:29:606,Step_LSC,30002312,onStandStepChanged 3579,93067dc4
20171223-22:15:29:615,Step_LSC,30002312,onExtend:1514038530000 14 0 4,3e662616
20171223-22:15:29:633,Step_StandReportReceiver,30002312,onReceive action: android.intent.action.SCREEN_ON,252628f5
20171223-22:15:29:635,Step_LSC,30002312,processHandleBroadcastAction action:android.intent.action.SCREEN_ON,b0190ab5
20171223-22:15:29:635,Step_StandStepCounter,30002312,flush sensor data,b8f897f8
20171223-22:15:29:635,Step_SPUtils,30002312, getTodayTotalDetailSteps = 1514038440000##6993##548365##8661##12266##27164404,e0a83abb
20171223-22:15:29:636,Step_SPUtils,30002312,setTodayTotalDetailSteps=1514038440000##7007##548365##8661##12361##27173954,a61adff4
20171223-22:15:29:645,Step_ExtSDM,30002312,calculateCaloriesWithCache totalCalories=126775,9300ea38
20171223-22:15:29:648,Step_ExtSDM,30002312,calculateAltitudeWithCache totalAltitude=240,cbcd504a
20171223-22:15:29:649,Step_StandReportReceiver,30002312,REPORT : 7007 5002 150089 240,5cdf7db4
20171223-22:15:29:950,Step_SPUtils,30002312,setTodayTotalDetailSteps=1514038440000##7008##548365##8661##12456##27174269,8b4aebf1
20171223-22:15:30:632,Step_SPUtils,30002312,setTodayTotalDetailSteps=1514038440000##7009##548365##8661##12551##27174951,2f354e84
20171223-22:15:31:143,Step_SPUtils,30002312,setTodayTotalDetailSteps=1514038440000##7011##548365##8661##12646##27175461,0eff0698
20171223-22:15:32:147,Step_SPUtils,30002312,setTodayTotalDetailSteps=1514038440000##7012##548365##8661##12741##27176464,fa67cd9f
20171223-22:15:32:648,Step_SPUtils,30002312,setTodayTotalDetailSteps=1514038440000##7013##548365##8661##12836##27176966,b79a01c7
20171223-22:15:33:144,Step_SPUtils,30002312,setTodayTotalDetailSteps=1514038440000##7014##548365##8661##12931##27177463,e6723eaa
20171223-22:15:33:644,Step_SPUtils,30002312,setTodayTotalDetailSteps=1514038440000##7015##548365##8661##13026##27177962,a7a2ad5b
20171223-22:15:35:12,Step_SPUtils,30002312,setTodayTotalDetailSteps=1514038440000##7017##548365##8661##13121##27179330,441b824d
20171223-22:15:35:23,Step_ScreenUtil,30002312,isScreenOn true,03a21551
20171223-22:15:35:23,Step_StandReportReceiver,30002312,"screen status unknown,think screen on",ffb006b5
20171223-22:15:35:98,Step_SPUtils,30002312,setTodayTotalDetailSteps=1514038440000##7017##548365##8661##13216##27179417,f6c76fb8
20171223-22:15:35:413,Step_SPUtils,30002312,setTodayTotalDetailSteps=1514038440000##7018##548365##8661##13311##27179732,5ed39ecc
20171223-22:15:36:149,Step_SPUtils,30002312,setTodayTotalDetailSteps=1514038440000##7019##548365##8661##13406##27180468,c7cd2259
20171223-22:15:36:657,Step_SPUtils,30002312,setTodayTotalDetailSteps=1514038440000##7020##548365##8661##13501##27180976,ee50d75f
20171223-22:15:37:653,Step_SPUtils,30002312,setTodayTotalDetailSteps=1514038440000##7021##548365##8661##13596##27181971,79972429
20171223-22:15:38:149,Step_SPUtils,30002312,setTodayTotalDetailSteps=1514038440000##7022##548365##8661##13691##27182468,0dd728a7
20171223-22:15:38:654,Step_SPUtils,30002312,setTodayTotalDetailSteps=1514038440000##7023##548365##8661##13786##27182973,c2864c0d
20171223-22:15:39:151,Step_SPUtils,30002312,setTodayTotalDetailSteps=1514038440000##7024##548365##8661##13881##27183469,c3fa669a
20171223-22:15:39:656,Step_SPUtils,30002312,setTodayTotalDetailSteps=1514038440000##7025##548365##8661##13976##27183974,2e8c2dfa
20171223-22:15:40:653,Step_SPUtils,30002312,setTodayTotalDetailSteps=1514038440000##7026##548365##8661##14071##27184972,530ac75a
20171223-22:15:41:149,Step_SPUtils,30002312,setTodayTotalDetailSteps=1514038440000##7027##548365##8661##14166##27185467,feee0827
20171223-22:15:41:658,Step_SPUtils,30002312,setTodayTotalDetailSteps=1514038440000##7028##548365##8661##14261##27185977,6621ffba
20171223-22:15:42:151,Step_SPUtils,30002312,setTodayTotalDetailSteps=1514038440000##7029##548365##8661##14356##27186469,55e1e479
20171223-22:15:43:149,Step_SPUtils,30002312,setTodayTotalDetailSteps=1514038440000##7030##548365##8661##14451##27187468,e8591fbb
20171223-22:15:43:650,Step_SPUtils,30002312,setTodayTotalDetailSteps=1514038440000##7031##548365##8661##14546##27187968,25fc5903
20171223-22:15:44:152,Step_SPUtils,30002312,setTodayTotalDetailSteps=1514038440000##7032##548365##8661##14641##27188471,11b8eab9
20171223-22:15:45:150,Step_SPUtils,30002312,setTodayTotalDetailSteps=1514038440000##7033##548365##8661##14736##27189469,3540dbd8
20171223-22:15:45:650,Step_SPUtils,30002312,setTodayTotalDetailSteps=1514038440000##7034##548365##8661##14831##27189969,c5f34138
20171223-22:15:46:150,Step_SPUtils,30002312,setTodayTotalDetailSteps=1514038440000##7035##548365##8661##14926##27190469,6421317f
20171223-22:15:46:651,Step_SPUtils,30002312,setTodayTotalDetailSteps=1514038440000##7036##548365##8661##15021##27190970,02d29f24
20171223-22:15:47:650,Step_SPUtils,30002312,setTodayTotalDetailSteps=1514038440000##7037##548365##8661##15116##27191969,1a599fea
20171223-22:15:48:159,Step_SPUtils,30002312,setTodayTotalDetailSteps=1514038440000##7038##548365##8661##15211##27192478,1c06eca7
20171223-22:15:48:653,Step_SPUtils,30002312,setTodayTotalDetailSteps=1514038440000##7039##548365##8661##15306##27192971,6dc04569
20171223-22:15:49:653,Step_SPUtils,30002312,setTodayTotalDetailSteps=1514038440000##7040##548365##8661##15401##27193971,2e5d5591
20171223-22:15:50:161,Step_SPUtils,30002312,setTodayTotalDetailSteps=1514038440000##7041##548365##8661##15496##27194480,6635193f
20171223-22:15:51:152,Step_SPUtils,30002312,setTodayTotalDetailSteps=1514038440000##7042##548365##8661##15591##27195470,2dc093d5
20171223-22:15:52:161,Step_SPUtils,30002312,setTodayTotalDetailSteps=1514038440000##7044##548365##8661##15686##27196480,0da5c16c
20171223-22:15:52:652,Step_SPUtils,30002312,setTodayTotalDetailSteps=1514038440000##7045##548365##8661##15781##27196970,94574c83
20171223-22:15:53:653,Step_SPUtils,30002312,setTodayTotalDetailSteps=1514038440000##7047##548365##8661##15876##27197972,4c0a0c49
20171223-22:15:54:651,Step_SPUtils,30002312,setTodayTotalDetailSteps=1514038440000##7048##548365##8661##15971##27198970,ab4d2713
20171223-22:15:55:650,Step_SPUtils,30002312,setTodayTotalDetailSteps=1514038440000##7050##548365##8661##16066##27199969,1545ee7d
20171223-22:15:56:151,Step_SPUtils,30002312,setTodayTotalDetailSteps=1514038440000##7052##548365##8661##16161##27200470,093bd3bc
20171223-22:15:58:156,Step_SPUtils,30002312,setTodayTotalDetailSteps=1514038440000##7053##548365##8661##16256##27202475,3a89c991
20171223-22:16:0:150,Step_SPUtils,30002312,setTodayTotalDetailSteps=1514038500000##7054##548458##8661##16256##27204469,220c6d5d
20171223-22:16:0:859,Step_LSC,30002312,onExtend:1514038561000 0 0 0,3e662616
20171223-22:16:1:150,Step_SPUtils,30002312,setTodayTotalDetailSteps=1514038500000##7054##548551##8661##16256##27205469,a536e5e4
20171223-22:17:18:864,Step_LSC,30002312,onExtend:1514038639000 0 0 4,3e662616
20171223-22:17:19:152,Step_SPUtils,30002312,setTodayTotalDetailSteps=1514038560000##7054##548552##8661##16256##27283470,16e3a3ff
20171223-22:17:20:358,Step_LSC,30002312,onExtend:1514038641000 2 0 4,3e662616
20171223-22:17:20:652,Step_SPUtils,30002312,setTodayTotalDetailSteps=1514038560000##7056##548553##8661##16256##27284971,96a56840
20171223-22:17:20:859,Step_LSC,30002312,onExtend:1514038641000 2 0 4,3e662616
20171223-22:17:21:156,Step_SPUtils,30002312,setTodayTotalDetailSteps=1514038560000##7058##548554##8661##16256##27285475,cf6d7626
20171223-22:17:21:353,Step_LSC,30002312,onExtend:1514038642000 2 0 4,3e662616
20171223-22:17:21:649,Step_SPUtils,30002312,setTodayTotalDetailSteps=1514038560000##7060##548555##8661##16256##27285968,e8eaba0f
20171223-22:17:21:859,Step_LSC,30002312,onExtend:1514038642000 2 0 4,3e662616
20171223-22:17:22:152,Step_SPUtils,30002312,setTodayTotalDetailSteps=1514038560000##7062##548556##8661##16256##27286470,6bec8724
20171223-22:17:22:363,Step_LSC,30002312,onExtend:1514038643000 2 0 4,3e662616
20171223-22:17:22:651,Step_SPUtils,30002312,setTodayTotalDetailSteps=1514038560000##7064##548557##8661##16256##27286970,560f79f4
20171223-22:17:22:859,Step_LSC,30002312,onExtend:1514038643000 2 0 4,3e662616
20171223-22:17:23:150,Step_SPUtils,30002312,setTodayTotalDetailSteps=1514038560000##7066##548558##8661##16256##27287469,7550903f
20171223-22:17:23:358,Step_LSC,30002312,onExtend:1514038644000 2 0 4,3e662616
20171223-22:17:23:653,Step_SPUtils,30002312,setTodayTotalDetailSteps=1514038560000##7068##548559##8661##16256##27287972,4295ca8c
20171223-22:17:23:861,Step_LSC,30002312,onExtend:1514038644000 2 0 4,3e662616
20171223-22:17:24:152,Step_SPUtils,30002312,setTodayTotalDetailSteps=1514038560000##7070##548560##8661##16256##27288471,b200aec0
20171223-22:17:24:359,Step_LSC,30002312,onExtend:1514038645000 1 0 4,3e662616
20171223-22:17:24:654,Step_SPUtils,30002312,setTodayTotalDetailSteps=1514038560000##7071##548561##8661##16256##27288973,d2d94e27
20171223-22:17:24:860,Step_LSC,30002312,onExtend:1514038645000 3 0 4,3e662616
20171223-22:17:25:151,Step_SPUtils,30002312,setTodayTotalDetailSteps=1514038560000##7074##548562##8661##16256##27289470,688c16fb
20171223-22:17:27:859,Step_LSC,30002312,onExtend:1514038648000 0 0 0,3e662616
20171223-22:17:28:156,Step_SPUtils,30002312,setTodayTotalDetailSteps=1514038560000##7074##548563##8661##16256##27292475,54057645
20171223-22:17:44:869,Step_LSC,30002312,onExtend:1514038665000 1 0 4,3e662616
20171223-22:17:45:151,Step_SPUtils,30002312,setTodayTotalDetailSteps=1514038560000##7075##548564##8661##16256##27309470,d5c26f88
20171223-22:17:45:366,Step_LSC,30002312,onExtend:1514038666000 2 0 4,3e662616
20171223-22:17:45:650,Step_SPUtils,30002312,setTodayTotalDetailSteps=1514038560000##7077##548565##8661##16256##27309969,ba411c2a
20171223-22:17:45:856,Step_LSC,30002312,onExtend:1514038666000 2 0 4,3e662616
20171223-22:17:46:154,Step_SPUtils,30002312,setTodayTotalDetailSteps=1514038560000##7079##548566##8661##16256##27310473,e2276a84
20171223-22:17:46:364,Step_LSC,30002312,onExtend:1514038667000 2 0 4,3e662616
20171223-22:17:46:651,Step_SPUtils,30002312,setTodayTotalDetailSteps=1514038560000##7081##548567##8661##16256##27310970,0b17170a
20171223-22:17:46:858,Step_LSC,30002312,onExtend:1514038667000 2 0 4,3e662616
20171223-22:17:47:154,Step_SPUtils,30002312,setTodayTotalDetailSteps=1514038560000##7083##548568##8661##16256##27311472,d4bbe308
20171223-22:17:47:366,Step_LSC,30002312,onExtend:1514038668000 1 0 4,3e662616
20171223-22:17:47:652,Step_SPUtils,30002312,setTodayTotalDetailSteps=1514038560000##7084##548569##8661##16256##27311970,32a5d976
20171223-22:17:47:854,Step_LSC,30002312,onExtend:1514038668000 2 0 4,3e662616
20171223-22:17:48:149,Step_SPUtils,30002312,setTodayTotalDetailSteps=1514038560000##7086##548570##8661##16256##27312467,71c57d39
20171223-22:17:48:357,Step_LSC,30002312,onExtend:1514038669000 2 0 4,3e662616
20171223-22:17:48:649,Step_SPUtils,30002312,setTodayTotalDetailSteps=1514038560000##7088##548571##8661##16256##27312967,803158d8
20171223-22:17:48:853,Step_LSC,30002312,onExtend:1514038669000 2 0 4,3e662616
20171223-22:17:49:149,Step_SPUtils,30002312,setTodayTotalDetailSteps=1514038560000##7090##548572##8661##16256##27313468,0cdc4275
20171223-22:17:49:358,Step_LSC,30002312,onExtend:1514038670000 2 0 4,3e662616
20171223-22:17:49:655,Step_SPUtils,30002312,setTodayTotalDetailSteps=1514038560000##7092##548573##8661##16256##27313974,d1f695c7
20171223-22:17:49:854,Step_LSC,30002312,onExtend:1514038670000 2 0 4,3e662616
20171223-22:17:50:149,Step_SPUtils,30002312,setTodayTotalDetailSteps=1514038560000##7094##548574##8661##16256##27314468,41a51257
20171223-22:17:50:354,Step_LSC,30002312,onExtend:1514038671000 1 0 4,3e662616
20171223-22:17:50:649,Step_SPUtils,30002312,setTodayTotalDetailSteps=1514038560000##7095##548575##8661##16256##27314968,85f105bd
20171223-22:17:50:856,Step_LSC,30002312,onExtend:1514038671000 2 0 4,3e662616
20171223-22:17:51:150,Step_SPUtils,30002312,setTodayTotalDetailSteps=1514038560000##7097##548576##8661##16256##27315469,1862dbd2
20171223-22:17:51:370,Step_LSC,30002312,onExtend:1514038672000 2 0 4,3e662616
20171223-22:17:51:664,Step_SPUtils,30002312,setTodayTotalDetailSteps=1514038560000##7099##548577##8661##16256##27315983,5bf2aee4
20171223-22:17:51:854,Step_LSC,30002312,onExtend:1514038672000 2 0 4,3e662616
20171223-22:17:52:152,Step_SPUtils,30002312,setTodayTotalDetailSteps=1514038560000##7101##548578##8661##16256##27316470,1e5bef65
20171223-22:17:52:855,Step_LSC,30002312,onExtend:1514038673000 1 0 4,3e662616
20171223-22:17:53:149,Step_SPUtils,30002312,setTodayTotalDetailSteps=1514038560000##7102##548579##8661##16256##27317468,c74d5c11
20171223-22:17:53:859,Step_LSC,30002312,onExtend:1514038674000 1 0 4,3e662616
20171223-22:17:54:153,Step_SPUtils,30002312,setTodayTotalDetailSteps=1514038560000##7103##548580##8661##16256##27318472,50a2de27
20171223-22:17:54:864,Step_LSC,30002312,onExtend:1514038675000 1 0 4,3e662616
20171223-22:17:55:154,Step_SPUtils,30002312,setTodayTotalDetailSteps=1514038560000##7104##548581##8661##16256##27319473,860d40b4
20171223-22:17:55:381,Step_LSC,30002312,onExtend:1514038676000 1 0 4,3e662616
20171223-22:17:55:649,Step_SPUtils,30002312,setTodayTotalDetailSteps=1514038560000##7105##548582##8661##16256##27319968,6d5498e0
20171223-22:17:56:361,Step_LSC,30002312,onExtend:1514038677000 1 0 4,3e662616
20171223-22:17:56:651,Step_SPUtils,30002312,setTodayTotalDetailSteps=1514038560000##7106##548583##8661##16256##27320969,38fbedd0
20171223-22:17:57:372,Step_LSC,30002312,onExtend:1514038678000 1 0 4,3e662616
20171223-22:17:57:650,Step_SPUtils,30002312,setTodayTotalDetailSteps=1514038560000##7107##548584##8661##16256##27321969,542f6049
20171223-22:17:57:862,Step_LSC,30002312,onExtend:1514038678000 2 0 4,3e662616
20171223-22:17:58:151,Step_SPUtils,30002312,setTodayTotalDetailSteps=1514038560000##7109##548585##8661##16256##27322469,99246e64
20171223-22:17:59:872,Step_LSC,30002312,onExtend:1514038680000 2 0 4,3e662616
20171223-22:18:0:159,Step_SPUtils,30002312,setTodayTotalDetailSteps=1514038620000##7111##548640##8661##16256##27324478,0a133f16
20171223-22:18:1:361,Step_LSC,30002312,onExtend:1514038682000 1 0 4,3e662616
20171223-22:18:1:650,Step_SPUtils,30002312,setTodayTotalDetailSteps=1514038620000##7112##548695##8661##16256##27325968,7fe4dc5a
20171223-22:18:2:363,Step_LSC,30002312,onExtend:1514038683000 1 0 4,3e662616
20171223-22:18:2:650,Step_SPUtils,30002312,setTodayTotalDetailSteps=1514038620000##7113##548750##8661##16256##27326969,5e7c652b
20171223-22:18:5:358,Step_LSC,30002312,onExtend:1514038686000 1 0 4,3e662616
20171223-22:18:5:653,Step_SPUtils,30002312,setTodayTotalDetailSteps=1514038620000##7114##548805##8661##16256##27329972,862eefb7
20171223-22:18:5:854,Step_LSC,30002312,onExtend:1514038686000 0 0 0,3e662616
20171223-22:18:6:151,Step_SPUtils,30002312,setTodayTotalDetailSteps=1514038620000##7114##548860##8661##16256##27330470,779cf8db
20171223-22:19:7:865,Step_LSC,30002312,onExtend:1514038748000 3 0 4,3e662616
20171223-22:19:8:156,Step_SPUtils,30002312,setTodayTotalDetailSteps=1514038680000##7117##548865##8661##16256##27392475,52e43acf
20171223-22:19:8:365,Step_LSC,30002312,onExtend:1514038749000 5 0 4,3e662616
20171223-22:19:8:660,Step_SPUtils,30002312,setTodayTotalDetailSteps=1514038680000##7122##548870##8661##16256##27392978,3de974e4
20171223-22:19:8:862,Step_LSC,30002312,onExtend:1514038749000 2 0 4,3e662616
20171223-22:19:9:151,Step_SPUtils,30002312,setTodayTotalDetailSteps=1514038680000##7124##548875##8661##16256##27393470,f08d9d00
20171223-22:19:9:359,Step_LSC,30002312,onExtend:1514038750000 2 0 4,3e662616
20171223-22:19:9:652,Step_SPUtils,30002312,setTodayTotalDetailSteps=1514038680000##7126##548880##8661##16256##27393971,fab2955d
20171223-22:19:9:859,Step_LSC,30002312,onExtend:1514038750000 2 0 4,3e662616
20171223-22:19:10:150,Step_SPUtils,30002312,setTodayTotalDetailSteps=1514038680000##7128##548885##8661##16256##27394469,e0b37ed5
20171223-22:19:10:362,Step_LSC,30002312,onExtend:1514038751000 2 0 4,3e662616
20171223-22:19:10:650,Step_SPUtils,30002312,setTodayTotalDetailSteps=1514038680000##7130##548890##8661##16256##27394969,5a11b9a8
20171223-22:19:10:858,Step_LSC,30002312,onExtend:1514038751000 2 0 4,3e662616
20171223-22:19:11:150,Step_SPUtils,30002312,setTodayTotalDetailSteps=1514038680000##7132##548895##8661##16256##27395468,4a75944f
20171223-22:19:11:358,Step_LSC,30002312,onExtend:1514038752000 3 0 4,3e662616
20171223-22:19:11:651,Step_SPUtils,30002312,setTodayTotalDetailSteps=1514038680000##7135##548900##8661##16256##27395969,8d0699ec
20171223-22:19:11:857,Step_LSC,30002312,onExtend:1514038752000 4 0 4,3e662616
20171223-22:19:12:154,Step_SPUtils,30002312,setTodayTotalDetailSteps=1514038680000##7139##548905##8661##16256##27396473,1c2837a7
20171223-22:19:12:364,Step_LSC,30002312,onExtend:1514038753000 1 0 4,3e662616
20171223-22:19:12:650,Step_SPUtils,30002312,setTodayTotalDetailSteps=1514038680000##7140##548910##8661##16256##27396969,751048d1
20171223-22:19:14:363,Step_LSC,30002312,onExtend:1514038755000 14 0 4,3e662616
20171223-22:19:14:656,Step_SPUtils,30002312,setTodayTotalDetailSteps=1514038680000##7154##548915##8661##16256##27398975,68db493b
20171223-22:19:15:858,Step_LSC,30002312,onExtend:1514038756000 0 0 0,3e662616
20171223-22:19:16:157,Step_SPUtils,30002312,setTodayTotalDetailSteps=1514038680000##7154##548920##8661##16256##27400475,04f1ea7d
20171223-22:19:57:755,Step_LSC,30002312,onExtend:1514038756000 6 0 4,3e662616
20171223-22:19:57:763,Step_LSC,30002312,onExtend:1514038798000 0 0 4,3e662616
20171223-22:19:57:778,Step_SPUtils,30002312,setTodayTotalDetailSteps=1514038680000##7160##548925##8661##16256##27442097,d6bb1135
20171223-22:19:57:879,Step_LSC,30002312,onExtend:1514038798000 0 0 4,3e662616
20171223-22:19:58:97,Step_SPUtils,30002312,setTodayTotalDetailSteps=1514038680000##7160##548930##8661##16256##27442416,c339c432
20171223-22:19:58:363,Step_LSC,30002312,flushTempCacheToDB by stand,0635a938
20171223-22:19:58:366,Step_LSC,30002312,Alarm uploadStaticsToDB totalSteps=7163Calories:153367Floor:240Distance:5112,719fba2b
20171223-22:19:58:366,Step_FlushableStepDataCache,30002312,writeDataToDB size 327,0da159ce
20171223-22:19:58:366,Step_FlushableStepDataCache,30002312,"upLoadOneMinuteDataToEngine time=25233975,0,93,0,20002",3996af7c
20171223-22:19:58:369,HiH_HiAppUtil,30002312,getBinderPackageName packageName = com.huawei.health,5fed72bf
20171223-22:19:58:371,HiH_HiHealthBinder,30002312,"getAppContext() isAppValid health or wear, packageName = com.huawei.health",824b3d7b
20171223-22:19:58:373,Step_LSC,30002312,onExtend:1514038799000 3 0 4,3e662616
20171223-22:19:58:375,HiH_HiHealthBinder,30002312,insertHiHealthData() checkAppType  0 appID = 1,c6841826
20171223-22:19:58:376,HiH_HiHealthBinder,30002312,"insertHiHealthData() size = 4,app = 1,One Data Type = 40002,packageName = com.huawei.health,writeStatType = 0",46c87663
20171223-22:19:58:377,HiH_HiHealthDataInsertStore,30002312,"saveHealthDetailData() deviceID = 2,clientID=1,id=1",dc24d800
20171223-22:19:58:378,HiH_HiHealthDataInsertStore,30002312,"saveStatData() type =40002,time = 1513958400000,statClient = 2,who is 1",042e0769
20171223-22:19:58:378,HiH_DataStatManager,30002312,"new date =20171223, type=40002,7163.0,old=6983.0",d941da54
20171223-22:19:58:380,HiH_HiHealthDataInsertStore,30002312,"saveHealthDetailData() saveOneDetailData fail hiHealthData = 1513958400000,type = 40003",9ef024f5
20171223-22:19:58:406,HiH_HiHealthDataInsertStore,30002312,"bulkSaveDetailHiHealthData() size = 4,totalTime = 30",1809a7f0
20171223-22:19:58:407,HiH_ListenerManager,30002312,startListenerChange subscribeList = [1],960958ed
20171223-22:19:58:411,HiH_HiHealthBinder,30002312,"insertHiHealthData() bulkSaveDetailHiHealthData fail errorCode = 4,errorMessage = ERR_DATA_INSERT",514abfb6
20171223-22:19:58:411,HiH_HiHealthBinder,30002312,insertHiHealthData() end totalTime = 45,034409f5
20171223-22:19:58:411,Step_LSC,30002312,uploadStaticsToDB() onResult  type = 4 obj=true,da883d28
20171223-22:19:58:411,Step_LSC,30002312,uploadStaticsToDB failed message=true,161ba043
20171223-22:19:58:413,HiH_HiSyncControl,30002312,checkInsertStatus stepSum or calorieSum is enough,c0df8ce6
20171223-22:19:58:416,HiH_HiSyncControl,30002312,"stepSyncOrNot appSynTimes is 0, statsyncTimes is 0",7c62ae10
20171223-22:19:58:416,HiH_HiSyncControl,30002312,"startInsertSportSync start auto sync,app is 1",03c259bc
20171223-22:19:58:417,HiH_HiSyncUtil,30002312,"checkFirstSyncByType no such data in db ,type is 1 deviceCode is 0",540df4b1
20171223-22:19:58:417,HiH_HiSyncControl,30002312,"startInsertSportSync first 500 steps sync,do all sync",f034e86a
20171223-22:19:58:419,HiH_HiSyncControl,30002312,"startSync hiSyncOption = HiSyncOption{syncAction=2, syncMethod=2, syncScope=0, syncDataType=20000, syncModel=2, pushAction=0},app = 1 who = 1",b26107b2
20171223-22:19:58:423,HiH_HiSyncControl,30002312,needAutoSync autoSyncSwitch is open,6e805a4c
20171223-22:19:58:424,HiH_HiSyncControl,30002312,"initDataPrivacy the dataPrivacy switch is open, start push health data!",e4156b58
20171223-22:19:58:424,HiH_,30002312,initDataPrivacy the dataPrivacy is true,38085a58
20171223-22:19:58:428,HiH_HiSyncControl,30002312,"initUserPrivacy the userPrivacy switch is open, start push user data!",f257f214
20171223-22:19:58:428,HiH_,30002312,initUserPrivacy the userPrivacy is true,1d4b8a6f
20171223-22:19:58:428,HiH_HiSyncControl,30002312,ifCanSync not! no cloud version,3f9b4da2
20171223-22:19:58:428,HiH_HiBroadcastUtil,30002312,sendSyncFailedBroadcast,8764d489
20171223-22:19:58:502,HiH_HiHealthDataInsertStore,30002312,"saveRealTimeHealthDatasStat() size = 1,totalTime = 48",b13a454b
20171223-22:19:58:505,Step_FlushableStepDataCache,30002312,InsertCallBack() onSuccess  type = 0 data=true,c2e9ad21
20171223-22:19:58:505,Step_FlushableStepDataCache,30002312,InsertEvent success begin:25233975 end:25233979,ff3ee216
20171223-22:19:58:505,Step_SPUtils,30002312,setWriteDBLastDataMinute=25233979,a49593ba
20171223-22:19:58:508,Step_SPUtils,30002312,setWriteDBLastDataMinute success,042d7a7a
20171223-22:19:58:508,Step_LSC,30002312,flush2DB result success,b3d6ad7f
20171223-22:19:58:508,Step_SPUtils,30002312,setTodayTotalDetailSteps=1514038680000##7163##548935##8661##16256##27442827,1990adb0
20171223-22:19:58:518,HiH_HiBroadcastUtil,30002312,sendSyncFailedBroadcast,8764d489
20171223-22:19:58:872,Step_LSC,30002312,onExtend:1514038799000 2 0 4,3e662616
20171223-22:19:59:166,Step_SPUtils,30002312,setTodayTotalDetailSteps=1514038680000##7165##548940##8661##16256##27443484,d71b744e
20171223-22:19:59:373,Step_LSC,30002312,onExtend:1514038800000 2 0 4,3e662616
20171223-22:19:59:667,Step_SPUtils,30002312,setTodayTotalDetailSteps=1514038680000##7167##548945##8661##16256##27443986,d9948f7e
20171223-22:19:59:871,Step_LSC,30002312,onExtend:1514038800000 3 0 4,3e662616
20171223-22:20:0:165,Step_SPUtils,30002312,setTodayTotalDetailSteps=1514038740000##7170##548996##8661##16256##27444484,b040fd7f
20171223-22:20:0:374,Step_LSC,30002312,onExtend:1514038801000 3 0 4,3e662616
20171223-22:20:0:666,Step_SPUtils,30002312,setTodayTotalDetailSteps=1514038740000##7173##549047##8661##16256##27444985,d23395ff
20171223-22:20:0:872,Step_LSC,30002312,onExtend:1514038801000 1 0 4,3e662616
20171223-22:20:1:166,Step_SPUtils,30002312,setTodayTotalDetailSteps=1514038740000##7174##549098##8661##16256##27445485,293dfba1
20171223-22:20:1:378,Step_LSC,30002312,onExtend:1514038802000 2 0 4,3e662616
20171223-22:20:1:665,Step_SPUtils,30002312,setTodayTotalDetailSteps=1514038740000##7176##549149##8661##16256##27445983,20fd691e
20171223-22:20:1:873,Step_LSC,30002312,onExtend:1514038802000 3 0 4,3e662616
20171223-22:20:2:165,Step_SPUtils,30002312,setTodayTotalDetailSteps=1514038740000##7179##549200##8661##16256##27446483,514a7149
20171223-22:20:2:375,Step_LSC,30002312,onExtend:1514038803000 2 0 4,3e662616
20171223-22:20:2:671,Step_SPUtils,30002312,setTodayTotalDetailSteps=1514038740000##7181##549251##8661##16256##27446989,ce0860cc
20171223-22:20:2:874,Step_LSC,30002312,onExtend:1514038803000 2 0 4,3e662616
20171223-22:20:3:165,Step_SPUtils,30002312,setTodayTotalDetailSteps=1514038740000##7183##549302##8661##16256##27447483,8b307123
20171223-22:20:3:873,Step_LSC,30002312,onExtend:1514038804000 2 0 4,3e662616
20171223-22:20:4:167,Step_SPUtils,30002312,setTodayTotalDetailSteps=1514038740000##7185##549353##8661##16256##27448486,c47c5d4e
20171223-22:20:4:373,Step_LSC,30002312,onExtend:1514038805000 1 0 4,3e662616
20171223-22:20:4:665,Step_SPUtils,30002312,setTodayTotalDetailSteps=1514038740000##7186##549404##8661##16256##27448983,4bf5e05f
20171223-22:20:5:377,Step_LSC,30002312,onExtend:1514038806000 1 0 4,3e662616
20171223-22:20:5:664,Step_SPUtils,30002312,setTodayTotalDetailSteps=1514038740000##7187##549455##8661##16256##27449982,ea0d7701
20171223-22:20:7:378,Step_LSC,30002312,onExtend:1514038808000 1 0 4,3e662616
20171223-22:20:7:666,Step_SPUtils,30002312,setTodayTotalDetailSteps=1514038740000##7188##549506##8661##16256##27451985,d452366d
20171223-22:20:7:875,Step_LSC,30002312,onExtend:1514038808000 1 0 4,3e662616
20171223-22:20:8:173,Step_SPUtils,30002312,setTodayTotalDetailSteps=1514038740000##7189##549557##8661##16256##27452491,9f2872a5
20171223-22:20:12:874,Step_LSC,30002312,onExtend:1514038813000 0 0 0,3e662616
20171223-22:20:13:165,Step_SPUtils,30002312,setTodayTotalDetailSteps=1514038740000##7189##549608##8661##16256##27457484,1d2280f8
20171223-22:20:15:885,Step_LSC,30002312,onExtend:1514038816000 0 0 5,3e662616
20171223-22:20:16:175,Step_SPUtils,30002312,setTodayTotalDetailSteps=1514038740000##7189##549659##8661##16256##27460494,842792e0
20171223-22:24:22:165,Step_LSC,30002312,onExtend:1514038819000 0 0 5,3e662616
20171223-22:24:22:165,Step_LSC,30002312,onExtend:1514038879000 0 0 5,3e662616
20171223-22:24:22:165,Step_LSC,30002312,onExtend:1514038939000 0 0 5,3e662616
20171223-22:24:22:165,Step_LSC,30002312,onExtend:1514038999000 0 0 5,3e662616
20171223-22:24:22:165,Step_LSC,30002312,onExtend:1514039059000 0 0 0,3e662616
20171223-22:24:22:207,Step_SPUtils,30002312,setTodayTotalDetailSteps=1514038980000##7189##549659##8661##16256##27706526,c68fe76b
20171223-22:24:22:310,Step_LSC,30002312,onExtend:1514039062000 0 0 0,3e662616
20171223-22:24:22:516,Step_SPUtils,30002312,setTodayTotalDetailSteps=1514038980000##7189##549659##8661##16256##27706835,494b61a0
20171223-22:24:51:892,Step_LSC,30002312,onExtend:1514039091000 0 0 5,3e662616
20171223-22:24:52:185,Step_SPUtils,30002312,setTodayTotalDetailSteps=1514038980000##7189##549659##8661##16256##27736503,df238bda
20171223-22:24:53:897,Step_LSC,30002312,onExtend:1514039093000 0 0 0,3e662616
20171223-22:24:54:186,Step_SPUtils,30002312,setTodayTotalDetailSteps=1514038980000##7189##549659##8661##16256##27738504,f84aac1d
20171223-22:24:58:890,Step_LSC,30002312,onExtend:1514039098000 0 0 5,3e662616
20171223-22:24:59:191,Step_SPUtils,30002312,setTodayTotalDetailSteps=1514038980000##7189##549659##8661##16256##27743510,53df3215
20171223-22:30:23:993,Step_LSC,30002312,onExtend:1514039112000 0 0 5,3e662616
20171223-22:30:23:993,Step_LSC,30002312,onExtend:1514039172000 0 0 5,3e662616
20171223-22:30:23:993,Step_LSC,30002312,onExtend:1514039232000 0 0 5,3e662616
20171223-22:30:23:993,Step_LSC,30002312,onExtend:1514039292000 0 0 5,3e662616
20171223-22:30:23:993,Step_LSC,30002312,onExtend:1514039352000 0 0 5,3e662616
20171223-22:30:23:993,Step_LSC,30002312,onExtend:1514039412000 0 0 0,3e662616
20171223-22:30:24:28,Step_SPUtils,30002312,setTodayTotalDetailSteps=1514039340000##7189##549659##8661##16256##28068346,1cf025d7
20171223-22:30:24:132,Step_LSC,30002312,onExtend:1514039424000 0 0 0,3e662616
20171223-22:30:24:348,Step_SPUtils,30002312,setTodayTotalDetailSteps=1514039340000##7189##549659##8661##16256##28068666,2382a92b
20171223-22:31:31:940,Step_LSC,30002312,onExtend:1514039492000 0 0 5,3e662616
20171223-22:31:32:226,Step_SPUtils,30002312,setTodayTotalDetailSteps=1514039400000##7189##549659##8661##16256##28136544,6524fe32
20171223-22:31:59:620,Step_LSC,30002312,onExtend:1514039515000 0 0 0,3e662616
20171223-22:31:59:620,Step_LSC,30002312,onExtend:1514039575000 0 0 0,3e662616
20171223-22:31:59:621,Step_SPUtils,30002312,setTodayTotalDetailSteps=1514039400000##7189##549659##8661##16256##28163940,4e84078b
20171223-22:31:59:725,Step_LSC,30002312,onExtend:1514039520000 0 0 0,3e662616
20171223-22:31:59:725,Step_LSC,30002312,"timeStamp back,extendReportTimeStamp=1514039575000",5c7637ce
20171223-22:31:59:957,Step_SPUtils,30002312,setTodayTotalDetailSteps=1514039400000##7189##549659##8661##16256##28164276,2475596e
20171223-22:32:28:791,HiH_HiSyncControl,30002312,startTimer start autoSync,3ba40b70
20171223-22:32:28:796,HiH_HiSyncControl,30002312,stepSyncOrNot appSynTimes is 0,9b0d93a6
20171223-22:32:28:801,HiH_HiBroadcastUtil,30002312,sendSyncFailedBroadcast,8764d489
20171223-22:33:9:938,Step_LSC,30002312,onExtend:1514039590000 0 0 5,3e662616
20171223-22:33:10:229,Step_SPUtils,30002312,setTodayTotalDetailSteps=1514039520000##7189##549659##8661##16256##28234547,8d1d93ff
20171223-22:33:46:279,Step_LSC,30002312,onExtend:1514039626000 0 0 0,3e662616
20171223-22:33:46:304,Step_SPUtils,30002312,setTodayTotalDetailSteps=1514039520000##7189##549659##8661##16256##28270623,98c8b747
20171223-22:33:46:406,Step_LSC,30002312,onExtend:1514039626000 0 0 0,3e662616
20171223-22:33:46:616,Step_SPUtils,30002312,setTodayTotalDetailSteps=1514039520000##7189##549659##8661##16256##28270935,f6baec14
20171223-22:37:14:951,Step_LSC,30002312,onExtend:1514039834000 0 0 5,3e662616
20171223-22:37:15:240,Step_SPUtils,30002312,setTodayTotalDetailSteps=1514039760000##7189##549659##8661##16256##28479559,ddd3ce33
20171223-22:39:25:264,Step_LSC,30002312,onExtend:1514039857000 0 0 5,3e662616
20171223-22:39:25:265,Step_LSC,30002312,onExtend:1514039917000 0 0 5,3e662616
20171223-22:39:25:265,Step_LSC,30002312,onExtend:1514039977000 0 0 0,3e662616
20171223-22:39:25:302,Step_SPUtils,30002312,setTodayTotalDetailSteps=1514039880000##7189##549659##8661##16256##28609620,f6873e23
20171223-22:39:25:406,Step_LSC,30002312,onExtend:1514039965000 0 0 0,3e662616
20171223-22:39:25:614,Step_SPUtils,30002312,setTodayTotalDetailSteps=1514039880000##7189##549659##8661##16256##28609933,95538643
20171223-22:45:48:970,Step_LSC,30002312,onExtend:1514040348000 0 0 5,3e662616
20171223-22:45:49:259,Step_SPUtils,30002312,setTodayTotalDetailSteps=1514040240000##7189##549659##8661##16256##28993578,ee96b38d
20171223-22:45:54:974,Step_LSC,30002312,onExtend:1514040354000 0 0 0,3e662616
20171223-22:45:55:257,Step_SPUtils,30002312,setTodayTotalDetailSteps=1514040240000##7189##549659##8661##16256##28999575,60fbe948
20171223-22:51:2:978,Step_LSC,30002312,onExtend:1514040662000 0 0 5,3e662616
20171223-22:51:3:266,Step_SPUtils,30002312,setTodayTotalDetailSteps=1514040600000##7189##549659##8661##16256##29307585,01a78960
20171223-22:51:37:260,Step_LSC,30002312,onExtend:1514040697000 0 0 0,3e662616
20171223-22:51:37:293,Step_SPUtils,30002312,setTodayTotalDetailSteps=1514040600000##7189##549659##8661##16256##29341612,4666feb3
20171223-22:51:37:394,Step_LSC,30002312,onExtend:1514040697000 0 0 0,3e662616
20171223-22:51:37:608,Step_SPUtils,30002312,setTodayTotalDetailSteps=1514040600000##7189##549659##8661##16256##29341927,6837c17e
20171223-22:51:40:340,Step_LSC,30002312,onExtend:1514040700000 0 0 0,3e662616
20171223-22:51:40:632,Step_SPUtils,30002312,setTodayTotalDetailSteps=1514040600000##7189##549659##8661##16256##29344951,c93c2fac
20171223-22:51:48:993,Step_LSC,30002312,onExtend:1514040708000 0 0 5,3e662616
20171223-22:51:49:283,Step_SPUtils,30002312,setTodayTotalDetailSteps=1514040600000##7189##549659##8661##16256##29353602,a7700609
20171223-22:52:45:415,Step_LSC,30002312,onExtend:1514040766000 0 0 5,3e662616
20171223-22:52:45:487,Step_SPUtils,30002312,setTodayTotalDetailSteps=1514040660000##7189##549659##8661##16256##29409806,8e776ad8
20171223-22:52:45:588,Step_LSC,30002312,onExtend:1514040766000 0 0 5,3e662616
20171223-22:52:45:802,Step_SPUtils,30002312,setTodayTotalDetailSteps=1514040660000##7189##549659##8661##16256##29410120,1f9289bd
20171223-22:52:45:987,Step_LSC,30002312,onExtend:1514040766000 0 0 0,3e662616
20171223-22:52:46:287,Step_SPUtils,30002312,setTodayTotalDetailSteps=1514040660000##7189##549659##8661##16256##29410605,2b5851da
20171223-22:52:51:993,Step_LSC,30002312,onExtend:1514040772000 0 0 5,3e662616
20171223-22:52:52:288,Step_SPUtils,30002312,setTodayTotalDetailSteps=1514040660000##7189##549659##8661##16256##29416607,28d2d866
20171223-22:53:1:185,Step_LSC,30002312,onExtend:1514040776000 0 0 5,3e662616
20171223-22:53:1:185,Step_LSC,30002312,onExtend:1514040836000 0 0 0,3e662616
20171223-22:53:1:215,Step_SPUtils,30002312,setTodayTotalDetailSteps=1514040720000##7189##549659##8661##16256##29425533,82fb2433
20171223-22:53:1:320,Step_LSC,30002312,onExtend:1514040781000 0 0 0,3e662616
20171223-22:53:1:529,Step_SPUtils,30002312,setTodayTotalDetailSteps=1514040720000##7189##549659##8661##16256##29425847,ea2c22c6
20171223-22:53:7:6,Step_LSC,30002312,onExtend:1514040786000 0 0 5,3e662616
20171223-22:53:7:299,Step_SPUtils,30002312,setTodayTotalDetailSteps=1514040720000##7189##549659##8661##16256##29431618,45c6a6df
20171223-22:53:12:704,Step_LSC,30002312,onExtend:1514040793000 0 0 5,3e662616
20171223-22:53:12:718,Step_SPUtils,30002312,setTodayTotalDetailSteps=1514040720000##7189##549659##8661##16256##29437037,7dc8bc7c
20171223-22:53:12:820,Step_LSC,30002312,onExtend:1514040793000 0 0 5,3e662616
20171223-22:53:13:16,Step_LSC,30002312,onExtend:1514040793000 0 0 0,3e662616
20171223-22:53:13:39,Step_SPUtils,30002312,setTodayTotalDetailSteps=1514040720000##7189##549659##8661##16256##29437358,fa9e9160
20171223-22:54:55:29,Step_LSC,30002312,onExtend:1514040895000 0 0 5,3e662616
20171223-22:54:55:331,Step_SPUtils,30002312,setTodayTotalDetailSteps=1514040780000##7189##549659##8661##16256##29539649,f2e7fbb5
20171223-22:55:55:702,Step_LSC,30002312,onExtend:1514040956000 0 0 5,3e662616
20171223-22:55:55:735,Step_SPUtils,30002312,setTodayTotalDetailSteps=1514040840000##7189##549659##8661##16256##29600053,2f65c0e3
20171223-22:55:55:835,Step_LSC,30002312,onExtend:1514040956000 0 0 5,3e662616
20171223-22:55:56:27,Step_LSC,30002312,onExtend:1514040956000 0 0 0,3e662616
20171223-22:55:56:53,Step_SPUtils,30002312,setTodayTotalDetailSteps=1514040840000##7189##549659##8661##16256##29600372,e7f4349f
20171223-23:7:6:86,Step_LSC,30002312,onExtend:1514040966000 0 0 5,3e662616
20171223-23:7:6:86,Step_LSC,30002312,onExtend:1514041026000 0 0 5,3e662616
20171223-23:7:6:86,Step_LSC,30002312,onExtend:1514041086000 0 0 5,3e662616
20171223-23:7:6:86,Step_LSC,30002312,onExtend:1514041146000 0 0 5,3e662616
20171223-23:7:6:86,Step_LSC,30002312,onExtend:1514041206000 0 0 5,3e662616
20171223-23:7:6:86,Step_LSC,30002312,onExtend:1514041266000 0 0 5,3e662616
20171223-23:7:6:86,Step_LSC,30002312,onExtend:1514041326000 0 0 5,3e662616
20171223-23:7:6:86,Step_LSC,30002312,onExtend:1514041386000 0 0 5,3e662616
20171223-23:7:6:86,Step_LSC,30002312,onExtend:1514041446000 0 0 5,3e662616
20171223-23:7:6:86,Step_LSC,30002312,onExtend:1514041506000 0 0 5,3e662616
20171223-23:7:6:86,Step_LSC,30002312,onExtend:1514041566000 0 0 5,3e662616
20171223-23:7:6:86,Step_LSC,30002312,onExtend:1514041626000 0 0 5,3e662616
20171223-23:7:6:126,Step_SPUtils,30002312,setTodayTotalDetailSteps=1514041560000##7189##549659##8661##16256##30270445,2ca6c1d9
20171223-23:7:6:232,Step_LSC,30002312,onExtend:1514041627000 0 0 5,3e662616
20171223-23:7:6:446,Step_SPUtils,30002312,setTodayTotalDetailSteps=1514041560000##7189##549659##8661##16256##30270764,fd119f19
20171223-23:7:7:71,Step_LSC,30002312,onExtend:1514041627000 0 0 0,3e662616
20171223-23:7:7:374,Step_SPUtils,30002312,setTodayTotalDetailSteps=1514041560000##7189##549659##8661##16256##30271693,b1214232
20171223-23:7:50:264,Step_LSC,30002312,getTodaySportData mStepsRecordManager=com.huawei.health.g.c@8a2a501,d67137ee
20171223-23:7:50:267,Step_SPUtils,30002312,setTodayTotalDetailSteps=1514041560000##7189##549659##8661##16256##30314585,cbe37772
20171223-23:7:51:228,Step_SPUtils,30002312,setTodayTotalDetailSteps=1514041560000##7189##549659##8661##16256##30315546,09200e18
20171223-23:8:9:235,Step_SPUtils,30002312,setTodayTotalDetailSteps=1514041620000##7189##549659##8661##16256##30333554,b65b1849
20171223-23:8:19:116,Step_LSC,30002312,onExtend:1514041699000 0 0 5,3e662616
20171223-23:8:19:404,Step_SPUtils,30002312,setTodayTotalDetailSteps=1514041620000##7189##549659##8661##16256##30343722,8d508e2c
20171223-23:14:24:384,Step_LSC,30002312,onExtend:1514041722000 0 0 5,3e662616
20171223-23:14:24:384,Step_LSC,30002312,onExtend:1514041782000 0 0 5,3e662616
20171223-23:14:24:384,Step_LSC,30002312,onExtend:1514041842000 0 0 5,3e662616
20171223-23:14:24:384,Step_LSC,30002312,onExtend:1514041902000 0 0 5,3e662616
20171223-23:14:24:384,Step_LSC,30002312,onExtend:1514041962000 0 0 5,3e662616
20171223-23:14:24:384,Step_LSC,30002312,onExtend:1514042022000 0 0 5,3e662616
20171223-23:14:24:384,Step_LSC,30002312,onExtend:1514042082000 0 0 5,3e662616
20171223-23:14:24:391,Step_SPUtils,30002312,setTodayTotalDetailSteps=1514041980000##7189##549659##8661##16256##30708710,dd9e9246
20171223-23:14:24:499,Step_LSC,30002312,onExtend:1514042064000 0 0 5,3e662616
20171223-23:14:24:711,Step_SPUtils,30002312,setTodayTotalDetailSteps=1514041980000##7189##549659##8661##16256##30709030,5b549a21
20171223-23:14:25:113,Step_LSC,30002312,onExtend:1514042064000 0 0 0,3e662616
20171223-23:14:25:408,Step_SPUtils,30002312,setTodayTotalDetailSteps=1514041980000##7189##549659##8661##16256##30709727,bab11dc4
20171223-23:14:42:620,Step_LSC,30002312,onExtend:1514042082000 2 0 0,3e662616
20171223-23:14:42:910,Step_SPUtils,30002312,setTodayTotalDetailSteps=1514041980000##7191##549659##8661##16256##30727229,789969cb
20171223-23:14:43:122,Step_LSC,30002312,onExtend:1514042082000 1 0 4,3e662616
20171223-23:14:43:414,Step_SPUtils,30002312,setTodayTotalDetailSteps=1514041980000##7192##549659##8661##16256##30727733,fc3bf880
20171223-23:14:43:622,Step_LSC,30002312,onExtend:1514042083000 1 0 4,3e662616
20171223-23:14:43:914,Step_SPUtils,30002312,setTodayTotalDetailSteps=1514041980000##7193##549659##8661##16256##30728232,4b04e276
20171223-23:14:44:118,Step_LSC,30002312,onExtend:1514042083000 3 0 4,3e662616
20171223-23:14:44:410,Step_SPUtils,30002312,setTodayTotalDetailSteps=1514041980000##7196##549659##8661##16256##30728728,33f60d7d
20171223-23:14:44:617,Step_LSC,30002312,onExtend:1514042084000 2 0 4,3e662616
20171223-23:14:44:914,Step_SPUtils,30002312,setTodayTotalDetailSteps=1514041980000##7198##549659##8661##16256##30729233,9f2bcda7
20171223-23:14:45:118,Step_LSC,30002312,onExtend:1514042084000 2 0 4,3e662616
20171223-23:14:45:414,Step_SPUtils,30002312,setTodayTotalDetailSteps=1514041980000##7200##549659##8661##16256##30729733,c7d89996
20171223-23:14:45:618,Step_LSC,30002312,onExtend:1514042085000 2 0 4,3e662616
20171223-23:14:45:909,Step_SPUtils,30002312,setTodayTotalDetailSteps=1514041980000##7202##549659##8661##16256##30730227,9a797011
20171223-23:14:46:115,Step_LSC,30002312,onExtend:1514042085000 3 0 4,3e662616
20171223-23:14:46:409,Step_SPUtils,30002312,setTodayTotalDetailSteps=1514041980000##7205##549659##8661##16256##30730728,d992b919
20171223-23:14:46:618,Step_LSC,30002312,onExtend:1514042086000 3 0 4,3e662616
20171223-23:14:46:914,Step_SPUtils,30002312,setTodayTotalDetailSteps=1514041980000##7208##549659##8661##16256##30731232,fe47db87
20171223-23:14:47:118,Step_LSC,30002312,onExtend:1514042086000 3 0 4,3e662616
20171223-23:14:47:412,Step_SPUtils,30002312,setTodayTotalDetailSteps=1514041980000##7211##549659##8661##16256##30731730,ee8655c1
20171223-23:14:48:117,Step_LSC,30002312,onExtend:1514042087000 1 0 4,3e662616
20171223-23:14:48:410,Step_SPUtils,30002312,setTodayTotalDetailSteps=1514041980000##7212##549659##8661##16256##30732729,fcfc0b45
20171223-23:14:48:618,Step_LSC,30002312,onExtend:1514042088000 2 0 4,3e662616
20171223-23:14:48:907,Step_SPUtils,30002312,setTodayTotalDetailSteps=1514041980000##7214##549659##8661##16256##30733226,2f983375
20171223-23:14:52:125,Step_LSC,30002312,onExtend:1514042091000 0 0 0,3e662616
20171223-23:14:52:411,Step_SPUtils,30002312,setTodayTotalDetailSteps=1514041980000##7214##549659##8661##16256##30736730,9f17cd08
20171223-23:16:23:120,Step_LSC,30002312,onExtend:1514042182000 0 0 5,3e662616
20171223-23:16:23:411,Step_SPUtils,30002312,setTodayTotalDetailSteps=1514042100000##7214##549659##8661##16256##30827730,ca40d105
20171223-23:17:40:780,Step_LSC,30002312,onExtend:1514042205000 0 0 5,3e662616
20171223-23:17:40:780,Step_LSC,30002312,onExtend:1514042265000 0 0 0,3e662616
20171223-23:17:40:996,Step_SPUtils,30002312,setTodayTotalDetailSteps=1514042160000##7214##549659##8661##16256##30905315,68827bb1
20171223-23:17:41:100,Step_LSC,30002312,onExtend:1514042261000 0 0 0,3e662616
20171223-23:17:41:306,Step_SPUtils,30002312,setTodayTotalDetailSteps=1514042160000##7214##549659##8661##16256##30905625,e3be125d
20171223-23:17:41:694,Step_LSC,30002312,onExtend:1514042262000 0 0 0,3e662616
20171223-23:17:41:991,Step_SPUtils,30002312,setTodayTotalDetailSteps=1514042160000##7214##549659##8661##16256##30906310,dd93492f
20171223-23:17:42:93,Step_LSC,30002312,onExtend:1514042262000 0 0 0,3e662616
20171223-23:17:42:392,Step_SPUtils,30002312,setTodayTotalDetailSteps=1514042160000##7214##549659##8661##16256##30906710,e149cc05
20171223-23:19:20:149,Step_LSC,30002312,onExtend:1514042360000 0 0 5,3e662616
20171223-23:19:20:440,Step_SPUtils,30002312,setTodayTotalDetailSteps=1514042280000##7214##549659##8661##16256##31004759,580471f9
20171223-23:19:21:148,Step_LSC,30002312,onExtend:1514042361000 0 0 0,3e662616
20171223-23:19:21:440,Step_SPUtils,30002312,setTodayTotalDetailSteps=1514042280000##7214##549659##8661##16256##31005759,2ea9f717
20171223-23:23:15:149,Step_LSC,30002312,onExtend:1514042595000 0 0 5,3e662616
20171223-23:23:15:441,Step_SPUtils,30002312,setTodayTotalDetailSteps=1514042520000##7214##549659##8661##16256##31239760,a9983095
20171223-23:23:19:149,Step_LSC,30002312,onExtend:1514042599000 0 0 0,3e662616
20171223-23:23:19:447,Step_SPUtils,30002312,setTodayTotalDetailSteps=1514042520000##7214##549659##8661##16256##31243766,8f472893
20171223-23:29:4:145,Step_LSC,30002312,onExtend:1514042944000 0 0 5,3e662616
20171223-23:29:4:438,Step_SPUtils,30002312,setTodayTotalDetailSteps=1514042880000##7214##549659##8661##16256##31588757,2f3d2efc
20171223-23:29:5:148,Step_LSC,30002312,onExtend:1514042945000 0 0 0,3e662616
20171223-23:29:5:438,Step_SPUtils,30002312,setTodayTotalDetailSteps=1514042880000##7214##549659##8661##16256##31589757,708b66f4
20171223-23:32:28:796,HiH_HiBroadcastUtil,30002312,sendSyncFailedBroadcast,8764d489
20171223-23:37:14:147,Step_LSC,30002312,onExtend:1514043434000 0 0 5,3e662616
20171223-23:37:14:441,Step_SPUtils,30002312,setTodayTotalDetailSteps=1514043360000##7214##549659##8661##16256##32078759,8468c36c
20171223-23:37:16:149,Step_LSC,30002312,onExtend:1514043436000 0 0 0,3e662616
20171223-23:37:16:441,Step_SPUtils,30002312,setTodayTotalDetailSteps=1514043360000##7214##549659##8661##16256##32080760,7cf8c583
20171223-23:40:10:150,Step_LSC,30002312,onExtend:1514043610000 0 0 5,3e662616
20171223-23:40:10:446,Step_SPUtils,30002312,setTodayTotalDetailSteps=1514043540000##7214##549659##8661##16256##32254765,49f68ec6
20171223-23:40:14:153,Step_LSC,30002312,onExtend:1514043614000 0 0 0,3e662616
20171223-23:40:14:440,Step_SPUtils,30002312,setTodayTotalDetailSteps=1514043540000##7214##549659##8661##16256##32258759,6b8a33fe
20171223-23:42:38:915,Step_LSC,30002312,onExtend:1514043759000 0 0 0,3e662616
20171223-23:42:39:207,Step_SPUtils,30002312,setTodayTotalDetailSteps=1514043660000##7214##549659##8661##16256##32403526,04e282db
20171223-23:46:7:148,Step_LSC,30002312,onExtend:1514043967000 0 0 5,3e662616
20171223-23:46:7:444,Step_SPUtils,30002312,setTodayTotalDetailSteps=1514043900000##7214##549659##8661##16256##32611763,2218f926
20171223-23:46:14:150,Step_LSC,30002312,onExtend:1514043974000 0 0 0,3e662616
20171223-23:46:14:440,Step_SPUtils,30002312,setTodayTotalDetailSteps=1514043900000##7214##549659##8661##16256##32618758,86a4c277
20171223-23:50:48:414,Step_LSC,30002312,onExtend:1514044249000 0 0 0,3e662616
20171223-23:50:48:708,Step_SPUtils,30002312,setTodayTotalDetailSteps=1514044140000##7214##549659##8661##16256##32893026,41be5d53
20171223-23:52:57:155,Step_LSC,30002312,onExtend:1514044377000 0 0 5,3e662616
20171223-23:52:57:444,Step_SPUtils,30002312,setTodayTotalDetailSteps=1514044260000##7214##549659##8661##16256##33021763,55efcd44
20171223-23:53:0:147,Step_LSC,30002312,onExtend:1514044380000 0 0 0,3e662616
20171223-23:53:0:442,Step_SPUtils,30002312,setTodayTotalDetailSteps=1514044320000##7214##549659##8661##16256##33024761,383dcb70
20171223-23:53:15:153,Step_LSC,30002312,onExtend:1514044395000 0 0 5,3e662616
20171223-23:53:15:439,Step_SPUtils,30002312,setTodayTotalDetailSteps=1514044320000##7214##549659##8661##16256##33039758,21e0b958
20171223-23:53:17:156,Step_LSC,30002312,onExtend:1514044397000 0 0 0,3e662616
20171223-23:53:17:444,Step_SPUtils,30002312,setTodayTotalDetailSteps=1514044320000##7214##549659##8661##16256##33041763,f488f506
20171223-23:53:25:146,Step_LSC,30002312,onExtend:1514044405000 0 0 5,3e662616
20171223-23:53:25:441,Step_SPUtils,30002312,setTodayTotalDetailSteps=1514044320000##7214##549659##8661##16256##33049759,3bc39cbb
20171223-23:53:31:151,Step_LSC,30002312,onExtend:1514044411000 0 0 0,3e662616
20171223-23:53:31:441,Step_SPUtils,30002312,setTodayTotalDetailSteps=1514044320000##7214##549659##8661##16256##33055760,3b3d281c
20171223-23:53:40:152,Step_LSC,30002312,onExtend:1514044420000 0 0 5,3e662616
20171223-23:53:40:448,Step_SPUtils,30002312,setTodayTotalDetailSteps=1514044320000##7214##549659##8661##16256##33064766,cb756db0
20171223-23:53:42:149,Step_LSC,30002312,onExtend:1514044422000 0 0 0,3e662616
20171223-23:53:42:440,Step_SPUtils,30002312,setTodayTotalDetailSteps=1514044320000##7214##549659##8661##16256##33066759,5b44466e
20171223-23:53:51:153,Step_LSC,30002312,onExtend:1514044431000 0 0 5,3e662616
20171223-23:53:51:440,Step_SPUtils,30002312,setTodayTotalDetailSteps=1514044320000##7214##549659##8661##16256##33075759,b4864268
20171223-23:53:57:153,Step_LSC,30002312,onExtend:1514044437000 0 0 0,3e662616
20171223-23:53:57:446,Step_SPUtils,30002312,setTodayTotalDetailSteps=1514044320000##7214##549659##8661##16256##33081765,23e0381b
20171223-23:54:28:160,Step_LSC,30002312,onExtend:1514044468000 0 0 5,3e662616
20171223-23:54:28:452,Step_SPUtils,30002312,setTodayTotalDetailSteps=1514044380000##7214##549659##8661##16256##33112771,b118e539
20171223-23:54:29:149,Step_LSC,30002312,onExtend:1514044469000 0 0 0,3e662616
20171223-23:54:29:439,Step_SPUtils,30002312,setTodayTotalDetailSteps=1514044380000##7214##549659##8661##16256##33113758,5fe3b784
20171223-23:54:34:147,Step_LSC,30002312,onExtend:1514044474000 0 0 5,3e662616
20171223-23:54:34:439,Step_SPUtils,30002312,setTodayTotalDetailSteps=1514044380000##7214##549659##8661##16256##33118758,08d7787b
20171223-23:54:35:147,Step_LSC,30002312,onExtend:1514044475000 0 0 0,3e662616
20171223-23:54:35:442,Step_SPUtils,30002312,setTodayTotalDetailSteps=1514044380000##7214##549659##8661##16256##33119761,2f61385b
20171223-23:54:45:151,Step_LSC,30002312,onExtend:1514044485000 0 0 5,3e662616
20171223-23:54:45:449,Step_SPUtils,30002312,setTodayTotalDetailSteps=1514044380000##7214##549659##8661##16256##33129767,ff0beb79
20171223-23:54:47:155,Step_LSC,30002312,onExtend:1514044487000 0 0 0,3e662616
20171223-23:54:47:454,Step_SPUtils,30002312,setTodayTotalDetailSteps=1514044380000##7214##549659##8661##16256##33131773,5581a385
20171223-23:54:54:163,Step_LSC,30002312,onExtend:1514044494000 0 0 5,3e662616
20171223-23:54:54:440,Step_SPUtils,30002312,setTodayTotalDetailSteps=1514044380000##7214##549659##8661##16256##33138759,dee90573
20171223-23:54:56:157,Step_LSC,30002312,onExtend:1514044496000 0 0 0,3e662616
20171223-23:54:56:452,Step_SPUtils,30002312,setTodayTotalDetailSteps=1514044380000##7214##549659##8661##16256##33140770,225e0290
20171223-23:55:24:150,Step_LSC,30002312,onExtend:1514044524000 0 0 5,3e662616
20171223-23:55:24:443,Step_SPUtils,30002312,setTodayTotalDetailSteps=1514044440000##7214##549659##8661##16256##33168762,a59f9168
20171223-23:55:25:147,Step_LSC,30002312,onExtend:1514044525000 0 0 0,3e662616
20171223-23:55:25:442,Step_SPUtils,30002312,setTodayTotalDetailSteps=1514044440000##7214##549659##8661##16256##33169760,dd528839
20171223-23:56:12:161,Step_LSC,30002312,onExtend:1514044572000 0 0 5,3e662616
20171223-23:56:12:449,Step_SPUtils,30002312,setTodayTotalDetailSteps=1514044500000##7214##549659##8661##16256##33216767,19bc5fc2
20171223-23:56:13:150,Step_LSC,30002312,onExtend:1514044573000 0 0 0,3e662616
20171223-23:56:13:445,Step_SPUtils,30002312,setTodayTotalDetailSteps=1514044500000##7214##549659##8661##16256##33217764,c43244e7
20171223-23:56:28:145,Step_LSC,30002312,onExtend:1514044588000 0 0 5,3e662616
20171223-23:56:28:444,Step_SPUtils,30002312,setTodayTotalDetailSteps=1514044500000##7214##549659##8661##16256##33232763,d9319115
20171223-23:56:35:152,Step_LSC,30002312,onExtend:1514044595000 0 0 0,3e662616
20171223-23:56:35:440,Step_SPUtils,30002312,setTodayTotalDetailSteps=1514044500000##7214##549659##8661##16256##33239758,2eb9e5e4
20171223-23:57:34:156,Step_LSC,30002312,onExtend:1514044654000 0 0 5,3e662616
20171223-23:57:34:440,Step_SPUtils,30002312,setTodayTotalDetailSteps=1514044560000##7214##549659##8661##16256##33298759,e5a2c440
20171223-23:57:42:147,Step_LSC,30002312,onExtend:1514044662000 0 0 0,3e662616
20171223-23:57:42:444,Step_SPUtils,30002312,setTodayTotalDetailSteps=1514044560000##7214##549659##8661##16256##33306763,20087c9e
20171224-0:0:0:216,Step_StandStepDataManager,30002312,theDayChanged 1514044800216,e1fe8d25
20171224-0:0:0:218,Step_StandStepDataManager,30002312,initEnviroument,e788f919
20171224-0:0:0:218,Step_SPUtils,30002312,getStepCounterStatus,3244bf49
20171224-0:0:0:218,Step_SPUtils,30002312, getStepCounterStatus= true,ff55d254
20171224-0:0:0:218,Step_StandStepCounter,30002312,reStartStepCounter,86bcfaea
20171224-0:0:0:226,Step_StandStepCounter,30002312,registersensorsuccess: true,c1f5e07f
20171224-0:0:0:227,Step_DataCache,30002312,clear(),3616b800
20171224-0:0:0:228,Step_SPUtils,30002312, getTodayBasicStandardSteps= 1514018661124##0##3428,40f31420
20171224-0:0:0:229,Step_StandStepDataManager,30002312,tryToRecordAsBasicStepData bWrite true,00d03c97
20171224-0:0:0:229,Step_SPUtils,30002312, getDiffTotalSteps= 1513958400215##0,aa1d16b4
20171224-0:0:0:229,Step_SPUtils,30002312,setBasicStandardSteps basicStandardStep=3786 restartSteps=0,9adf04b9
20171224-0:0:0:232,Step_SPUtils,30002312,setDiffTotalSteps=0,ce69c5e2
20171224-0:0:0:234,Step_StandStepDataManager,30002312,tryToReloadTodayBasicSteps1514044800223|3786|0|0,71ffe66c
20171224-0:0:0:234,Step_StandStepDataManager,30002312,reload : 3786 restar 0,8b3a278c
20171224-0:0:0:234,Step_SPUtils,30002312,setTodayTotalDetailSteps=1514044740000##0##549659##8661##16256##33444553,82a1456b
20171224-0:0:0:236,Step_StandReportReceiver,30002312,REPORT : 0 0 0 0,5cdf7db4
20171224-0:0:0:237,Step_HGNH,30002312,next day:steps0mLastReport7214,46056afe
20171224-0:0:0:237,Step_SPUtils,30002312,setGoalNotifiShownRecord 1514044800237 false,9bf7cf41
20171224-0:0:0:240,Step_HGNH,30002312,closeNotification...,8e523808
20171224-0:0:0:240,Step_NotificationUtil,30002312,deleteHealthNotification(),c5a628cf
20171224-0:0:0:329,Step_LSC,30002312,onExtend:1514044801000 0 0 0,3e662616
20171224-0:0:0:624,Step_SPUtils,30002312,setTodayTotalDetailSteps=1514044740000##0##549659##8661##16256##33444943,cd2339ce
20171224-0:0:5:152,Step_LSC,30002312,onExtend:1514044805000 0 0 5,3e662616
20171224-0:0:5:438,Step_SPUtils,30002312,setTodayTotalDetailSteps=1514044740000##0##549659##8661##16256##33449757,900a7e3b
20171224-0:0:6:149,Step_LSC,30002312,onExtend:1514044806000 0 0 0,3e662616
20171224-0:0:6:445,Step_SPUtils,30002312,setTodayTotalDetailSteps=1514044740000##0##549659##8661##16256##33450764,d8d89bf2
20171224-0:5:22:478,Step_LSC,30002312,onExtend:1514045123000 0 0 0,3e662616
20171224-0:5:22:774,Step_SPUtils,30002312,setTodayTotalDetailSteps=1514045040000##0##549659##8661##16256##33767093,d6d1e4f3
20171224-0:6:16:574,Step_LSC,30002312,onExtend:1514045177000 0 0 0,3e662616
20171224-0:6:16:864,Step_SPUtils,30002312,setTodayTotalDetailSteps=1514045100000##0##549659##8661##16256##33821183,820f5f15
20171224-0:7:2:150,Step_LSC,30002312,onExtend:1514045222000 0 0 5,3e662616
20171224-0:7:2:440,Step_SPUtils,30002312,setTodayTotalDetailSteps=1514045160000##0##549659##8661##16256##33866758,d4e44439
20171224-0:7:4:153,Step_LSC,30002312,onExtend:1514045224000 0 0 0,3e662616
20171224-0:7:4:439,Step_SPUtils,30002312,setTodayTotalDetailSteps=1514045160000##0##549659##8661##16256##33868758,d0248d92
20171224-0:7:20:149,Step_LSC,30002312,onExtend:1514045240000 0 0 5,3e662616
20171224-0:7:20:439,Step_SPUtils,30002312,setTodayTotalDetailSteps=1514045160000##0##549659##8661##16256##33884757,5dbd2fba
20171224-0:7:21:149,Step_LSC,30002312,onExtend:1514045241000 0 0 0,3e662616
20171224-0:7:21:440,Step_SPUtils,30002312,setTodayTotalDetailSteps=1514045160000##0##549659##8661##16256##33885759,ee91be87
20171224-0:9:4:148,Step_LSC,30002312,onExtend:1514045344000 0 0 5,3e662616
20171224-0:9:4:441,Step_SPUtils,30002312,setTodayTotalDetailSteps=1514045280000##0##549659##8661##16256##33988760,7d1a6097
20171224-0:9:6:148,Step_LSC,30002312,onExtend:1514045346000 0 0 0,3e662616
20171224-0:9:6:442,Step_SPUtils,30002312,setTodayTotalDetailSteps=1514045280000##0##549659##8661##16256##33990761,70857a78
20171224-0:9:34:153,Step_LSC,30002312,onExtend:1514045374000 0 0 5,3e662616
20171224-0:9:34:440,Step_SPUtils,30002312,setTodayTotalDetailSteps=1514045280000##0##549659##8661##16256##34018758,4a6693d5
20171224-0:9:35:148,Step_LSC,30002312,onExtend:1514045375000 0 0 0,3e662616
20171224-0:9:35:441,Step_SPUtils,30002312,setTodayTotalDetailSteps=1514045280000##0##549659##8661##16256##34019759,e8c62de9
20171224-0:10:9:143,Step_LSC,30002312,onExtend:1514045409000 0 0 5,3e662616
20171224-0:10:9:438,Step_SPUtils,30002312,setTodayTotalDetailSteps=1514045340000##0##549659##8661##16256##34053757,35a49558
20171224-0:10:10:148,Step_LSC,30002312,onExtend:1514045410000 0 0 0,3e662616
20171224-0:10:10:440,Step_SPUtils,30002312,setTodayTotalDetailSteps=1514045340000##0##549659##8661##16256##34054759,e62c723f
20171224-0:10:42:149,Step_LSC,30002312,onExtend:1514045442000 0 0 5,3e662616
20171224-0:10:42:438,Step_SPUtils,30002312,setTodayTotalDetailSteps=1514045340000##0##549659##8661##16256##34086757,5013859c
20171224-0:10:43:153,Step_LSC,30002312,onExtend:1514045443000 0 0 0,3e662616
20171224-0:10:43:441,Step_SPUtils,30002312,setTodayTotalDetailSteps=1514045340000##0##549659##8661##16256##34087759,6387fdc3
20171224-0:11:56:151,Step_LSC,30002312,onExtend:1514045516000 0 0 5,3e662616
20171224-0:11:56:446,Step_SPUtils,30002312,setTodayTotalDetailSteps=1514045400000##0##549659##8661##16256##34160765,93bf78e0
20171224-0:11:57:149,Step_LSC,30002312,onExtend:1514045517000 0 0 0,3e662616
20171224-0:11:57:443,Step_SPUtils,30002312,setTodayTotalDetailSteps=1514045400000##0##549659##8661##16256##34161762,8a4bc6cd
20171224-0:15:52:990,Step_LSC,30002312,onExtend:1514045753000 0 0 0,3e662616
20171224-0:15:53:286,Step_SPUtils,30002312,setTodayTotalDetailSteps=1514045640000##0##549659##8661##16256##34397604,842fff5e
20171224-0:25:16:146,Step_LSC,30002312,onExtend:1514046316000 0 0 5,3e662616
20171224-0:25:16:439,Step_SPUtils,30002312,setTodayTotalDetailSteps=1514046240000##0##549659##8661##16256##34960758,0a756428
20171224-0:25:17:149,Step_LSC,30002312,onExtend:1514046317000 0 0 0,3e662616
20171224-0:25:17:438,Step_SPUtils,30002312,setTodayTotalDetailSteps=1514046240000##0##549659##8661##16256##34961757,21e66746
20171224-0:28:25:159,Step_LSC,30002312,onExtend:1514046505000 0 0 5,3e662616
20171224-0:28:25:454,Step_SPUtils,30002312,setTodayTotalDetailSteps=1514046420000##0##549659##8661##16256##35149773,120f86c9
20171224-0:32:28:799,HiH_HiSyncControl,30002312,"checkCurrentDay a new day comes , reset basicSyncCondition, currentDay is 20171224 oldDay is 20171223",bf7e24c5
20171224-0:32:28:806,HiH_HiBroadcastUtil,30002312,sendSyncFailedBroadcast,8764d489
